{"_timestamp":1.745149756795833e+09,"AP/motorcycle":0,"AP/car":1.331673180767976e-06,"_runtime":504.812399,"AP/person":0,"AP/traffic light":0,"AP/train":3.8455490314242794e-07,"AP/bicycle":0,"_wandb":{"runtime":504},"_step":8,"AP/truck":0,"AP/bus":0,"mAP":0}