{"val_samples":6564,"total_annotations":118989,"_wandb":{"runtime":4},"_timestamp":1.7446335878030372e+09,"_runtime":3.0550353,"_step":0,"train_samples":22976}