{"_runtime":282.5421122,"_step":0,"_wandb":{"runtime":282},"mAP":0,"mAP@0.5":0,"mAP@0.75":0,"_timestamp":1.7445489759378006e+09}