{"_runtime":8727.3974868,"_step":3,"epoch":4,"train_loss":4151.228979891721,"val_loss":4114.629201866955,"_timestamp":1.7444754501253216e+09,"_wandb":{"runtime":9343}}