{"box_data": [{"position": {"minX": 0.0010816305875778198, "minY": 0.8097760800962095, "maxX": 0.3147637367248535, "maxY": 0.9967556423611111}, "score": 0.9692019820213318, "class_id": 62}, {"position": {"minX": 0.6669922510782877, "minY": 0.3499362239131221, "maxX": 0.72516295115153, "maxY": 0.5186176441333912}, "score": 0.5360099077224731, "class_id": 62}, {"position": {"minX": 0.32450345357259114, "minY": 0.0005129054188728333, "maxX": 0.47944167455037434, "maxY": 0.1292276735658999}, "score": 0.9746422171592712, "class_id": 3}], "class_labels": {"1": "class_1", "2": "class_2", "3": "class_3", "4": "class_4", "5": "class_5", "6": "class_6", "7": "class_7", "8": "class_8"}}