{"train_samples":22976,"val_samples":6564,"total_annotations":118989,"_timestamp":1.7446337931028304e+09,"_runtime":3.4319483,"_step":0,"_wandb":{"runtime":94}}