{"val_samples":6564,"total_annotations":118989,"_wandb":{"runtime":3},"_timestamp":1.7446336975944622e+09,"_runtime":3.0924793,"_step":0,"train_samples":22976}