{"_runtime":32838.0686811,"_step":14,"_wandb":{"runtime":33591},"epoch":15,"train_loss":3.1665101676224667,"val_loss":6.578750392418675,"_timestamp":1.744517095051413e+09}