{"_timestamp":1.7445475996483738e+09,"_runtime":2174.8786935,"_step":0,"epoch":1,"train_loss":3.0545476322013023,"_wandb":{"runtime":2175},"val_loss":3.748386941981853}