{"mAP":0,"mAP@0.5":0,"mAP@0.75":0,"_timestamp":1.744550118564944e+09,"_runtime":282.4314732,"_step":0,"_wandb":{"runtime":282}}