{"val_samples":6564,"total_annotations":118989,"_timestamp":1.7446343076551669e+09,"_runtime":3.2101794,"_step":0,"_wandb":{"runtime":3},"train_samples":22976}