{"_runtime":36509.9248571,"val_loss":0.6879336357062249,"val_loss_giou":0.11800417431996597,"_wandb":{"runtime":36510},"invalid_category_count_train":106557,"train_loss_bbox":0.04224747587222342,"train_loss_ce":0.22386147312944796,"val_loss_ce":0.23110039042843217,"epoch":9,"_timestamp":1.7451060081129792e+09,"_step":19,"val_loss_bbox":0.04416497922803068,"train_loss_giou":0.11466110412709511,"train_loss":0.6644210612487902,"invalid_category_count_val":26356}