{"train_loss":3876.6797108929136,"_wandb":{"runtime":2594},"val_loss":3859.4961428831148,"_timestamp":1.744401279851698e+09,"_runtime":2593.912524,"_step":0,"epoch":1}