{"_runtime":24825.443863,"_step":11,"val_loss":13905.366742932114,"_wandb":{"runtime":26482},"epoch":5,"train_loss":13672.214028733102,"_timestamp":1.744922982756542e+09}