{"train_samples":22976,"val_samples":6564,"total_annotations":118989,"_timestamp":1.7446334807009444e+09,"_runtime":4.8762141,"_wandb":{"runtime":4},"_step":0}