{"_runtime":8756.8972476,"_step":3,"_wandb":{"runtime":9517},"epoch":4,"train_loss":3.1323835939833047,"val_loss":3.9649699961972047,"_timestamp":1.7445436708361216e+09}