{"_timestamp":1.7447977351231337e+09,"AP75":0.00010037894873690397,"AP_Human":0.0008914686530972594,"AP_Bicycle":0,"AP_medium":0.0002632652185850764,"AP_small":0,"AP_Truck":0,"epoch":5,"AP_Car":0.0009392815193861747,"loss":2.849120649954705,"_runtime":43983.4940823,"AP50":0.0013507955918300315,"AP_Trailer":0,"mAP@[0.5:0.95]":0.0003204944046346104,"_wandb":{"runtime":43983},"AP_Van":0,"AP_Motorbike":0,"_step":5,"AP_Bus":0,"AP_large":0.0008918868261874473}