{"_step":8,"AP/truck":0,"AP/traffic light":0,"AP/train":3.8455490314242794e-07,"_wandb":{"runtime":510},"AP/person":0,"AP/bicycle":0,"_runtime":510.2138797,"_timestamp":1.7451503960153346e+09,"AP/motorcycle":0,"mAP":0,"AP/car":1.331673180767976e-06,"AP/bus":0}