{"mAP@0.5":0,"mAP@0.75":0,"_timestamp":1.744549655110196e+09,"_runtime":290.6656882,"_step":0,"_wandb":{"runtime":290},"mAP":0}